Halaman,Judul,Tautan,Penulis,Tahun,Sitasi,Institusi
5005,Analisis Teknik Terjemahan Subtitle Film How Long Will I Love You,https://scholar.google.com/scholar?q=+intitle:'Analisis Teknik Terjemahan Subtitle Film How Long Will I Love You',"S Sarah, R Sofyan, VA Nasution
Longda Xiaokan: Journal of Mandarin Learning and Teaching 4 (1), 2021",2021,2,"Longda Xiaokan: Journal of Mandarin Learning and Teaching 4 (1), 2021"
5005,Exploration of sulfate reducing bacteria from polluted waters,https://scholar.google.com/scholar?q=+intitle:'Exploration of sulfate reducing bacteria from polluted waters',"SKPGA Budiarsa Suyasa W, Iryanti E. Suprihatin, Dwi Adi Suastuti G. A
African Journal of Microbiology Research 12 (21), 492-500, 2018",2018,1,"African Journal of Microbiology Research 12 (21), 492-500, 2018"
5005,Analisa RCM pada motor Diesel Penggerak Generator Daya 320 kVa Sumber Kelistrikan di Hotel Sapadia Rokan Hulu,https://scholar.google.com/scholar?q=+intitle:'Analisa RCM pada motor Diesel Penggerak Generator Daya 320 kVa Sumber Kelistrikan di Hotel Sapadia Rokan Hulu',"L Hakim
Jurnal Aptek 6 (2), 165-172",2014,2,"Jurnal Aptek 6 (2), 165-172"
5005,"Klasterisasi Daerah Penangkapan Perikanan Demersal di Perairan Utara Jawa, Lamongan","https://scholar.google.com/scholar?q=+intitle:'Klasterisasi Daerah Penangkapan Perikanan Demersal di Perairan Utara Jawa, Lamongan'","LI Harlyan, WD Putri, ES Yulianto
Prosiding Simposium Nasional Kelautan Dan Perikanan 10, 15-25, 2023",2023,3,"Prosiding Simposium Nasional Kelautan Dan Perikanan 10, 15-25, 2023"
5005,Pendampingan Usaha Menengah Kecil Masyarakat Melalui Digital Marketing untuk Menunjang Pemasaran Produk,https://scholar.google.com/scholar?q=+intitle:'Pendampingan Usaha Menengah Kecil Masyarakat Melalui Digital Marketing untuk Menunjang Pemasaran Produk',"M Fauziah, TZ A'za, S Hilmiyah, L Latifah, IF Syihab
Jurnal Pemberdayaan Masyarakat 1 (2), 41-51, 2022",2022,6,"Jurnal Pemberdayaan Masyarakat 1 (2), 41-51, 2022"
5005,"metodologi penelitian social, cet. IV: Jakarta PT","https://scholar.google.com/scholar?q=+intitle:'metodologi penelitian social, cet. IV: Jakarta PT'","H Usman, PS Akbar
Bumi Aksara, 2001",2001,40,"Bumi Aksara, 2001"
5005,Influence of Characteristics of Management Accounting Information Systems to Managerial Performance with Variables of Business Strategy Modernations and Uncertainty Duties in …,https://scholar.google.com/scholar?q=+intitle:'Influence of Characteristics of Management Accounting Information Systems to Managerial Performance with Variables of Business Strategy Modernations and Uncertainty Duties in …',"Azzumar, F Syam, Zuraida
International Journal of Academic Research in Business and Social Sciences 8 …, 2018",2018,11,"International Journal of Academic Research in Business and Social Sciences 8 …, 2018"
5005,IMPLEMENTASI PERATURAN DAERAH NOMOR 4 TAHUN 2020 TERKAIT PENGELOLAAN PASAR MRANGGEN DI KABUPATEN DEMAK,https://scholar.google.com/scholar?q=+intitle:'IMPLEMENTASI PERATURAN DAERAH NOMOR 4 TAHUN 2020 TERKAIT PENGELOLAAN PASAR MRANGGEN DI KABUPATEN DEMAK',"A Farkhaini, N Widowati, M Maesaroh
Journal of Public Policy and Management Review 12 (3), 331-346, 2023",2023,0,"Journal of Public Policy and Management Review 12 (3), 331-346, 2023"
5005,PENGARUH LINGKUNGAN KELUARGA TERHADAP PRESTASI BELAJAR SISWA KELAS X SMA ST. PETRUS KEWAPANTE KABUPATEN SIKKA,https://scholar.google.com/scholar?q=+intitle:'PENGARUH LINGKUNGAN KELUARGA TERHADAP PRESTASI BELAJAR SISWA KELAS X SMA ST. PETRUS KEWAPANTE KABUPATEN SIKKA',"YE Martin, A Kholiq, M Fitri
OIKOS 1 (1), 038–048-038–048",2017,0,"OIKOS 1 (1), 038–048-038–048"
5005,Investigation of a dual-bed autothermal reforming of methane for hydrogen production,https://scholar.google.com/scholar?q=+intitle:'Investigation of a dual-bed autothermal reforming of methane for hydrogen production',"A Arpornwichanop, M Wasuleewan, Y Patcharavorachot, ...
Chemical Engineering Transactions 25, 929-934",2011,12,"Chemical Engineering Transactions 25, 929-934"
5006,Corporate Criminal Liability on Environmental Law: Indonesia and Australia,https://scholar.google.com/scholar?q=+intitle:'Corporate Criminal Liability on Environmental Law: Indonesia and Australia',"MA Wijaya, AI Dzaki
Mulawarman Law Review, 16-28, 2023",2023,1,"Mulawarman Law Review, 16-28, 2023"
5006,SISTEM PENDUDKUNG KEPUTUSAN PEMILIHAN LOKASI TEMPAT PEMBUANGAN AKHIR SAMPAH DENGAN METODE ANP (STUDI KASUS: DINAS TATA KOTA KABUPATEN ASAHAN),https://scholar.google.com/scholar?q=+intitle:'SISTEM PENDUDKUNG KEPUTUSAN PEMILIHAN LOKASI TEMPAT PEMBUANGAN AKHIR SAMPAH DENGAN METODE ANP (STUDI KASUS: DINAS TATA KOTA KABUPATEN ASAHAN)',"A Afrisawati
Seminar Nasional Royal (SENAR) 1 (1), 121-124, 2018",2018,0,"Seminar Nasional Royal (SENAR) 1 (1), 121-124, 2018"
5006,"Suplementasi Zink pada Ibu Hamil dalam Pencegahan Stunting: Analisis Kadar Serum Zink, Osteokalsin dan Panjang Bayi Baru Lahir","https://scholar.google.com/scholar?q=+intitle:'Suplementasi Zink pada Ibu Hamil dalam Pencegahan Stunting: Analisis Kadar Serum Zink, Osteokalsin dan Panjang Bayi Baru Lahir'","L Rohmawati
Universitas Sumatera Utara, 2021",2021,1,"Universitas Sumatera Utara, 2021"
5006,HUBUNGAN ANTARA KEKUATAN OTOT TUNGKAI DAN KESEIMBANGAN TERHADAP JAUHNYA TENDANGAN PADA PERMAINAN SEPAK BOLA KLUB JUVENILLE KABUPATEN SELUMA,https://scholar.google.com/scholar?q=+intitle:'HUBUNGAN ANTARA KEKUATAN OTOT TUNGKAI DAN KESEIMBANGAN TERHADAP JAUHNYA TENDANGAN PADA PERMAINAN SEPAK BOLA KLUB JUVENILLE KABUPATEN SELUMA',"F Munandar, S Sihombing, Y Yarmani
Universitas Bengkulu, 2014",2014,1,"Universitas Bengkulu, 2014"
5006,Analisis Pola Asuh Orang Tua Terhadap Perkembangan Karakter Anak,https://scholar.google.com/scholar?q=+intitle:'Analisis Pola Asuh Orang Tua Terhadap Perkembangan Karakter Anak',"AN Farhana, DN Dahliani, SH Hasanah, R Rahmawati, LU Hamzah
ANTHOR: Education and Learning Journal 3 (3), 311-315, 2024",2024,0,"ANTHOR: Education and Learning Journal 3 (3), 311-315, 2024"
5006,Pengaruh Pemberian Pakan dengan Sumber Protein Berbeda terhadap Efisiensi Penggunaan Energi pada Ayam Lokal Persilangan: The Influence of Different Dietary Protein Source on …,https://scholar.google.com/scholar?q=+intitle:'Pengaruh Pemberian Pakan dengan Sumber Protein Berbeda terhadap Efisiensi Penggunaan Energi pada Ayam Lokal Persilangan: The Influence of Different Dietary Protein Source on …',"BN Juzmi, U Atmomarsono, N Suthama
Jurnal Ilmiah Ilmu-Ilmu Peternakan 21 (1), 1-8",2018,1,"Jurnal Ilmiah Ilmu-Ilmu Peternakan 21 (1), 1-8"
5006,EVIEW: APPLICATION OF PROBIONTS TO ENHANCE GROWTH RATE AND THE IMMUNE SYSTEMS IN TERRESTRIAL AND AQUATIC SPECIES,https://scholar.google.com/scholar?q=+intitle:'EVIEW: APPLICATION OF PROBIONTS TO ENHANCE GROWTH RATE AND THE IMMUNE SYSTEMS IN TERRESTRIAL AND AQUATIC SPECIES',"M Ali, M Amin, M Ashari
Universitas Mataram, 0",0000,0,"Universitas Mataram, 0"
5006,Turnitin-Aplikasi Membran Ultrafiltrasi Termodifikasi Untuk Penyediaan Air Bersih Layak Konsumsi di Desa Jambu Burung Kalimantan Selatan,https://scholar.google.com/scholar?q=+intitle:'Turnitin-Aplikasi Membran Ultrafiltrasi Termodifikasi Untuk Penyediaan Air Bersih Layak Konsumsi di Desa Jambu Burung Kalimantan Selatan',"A Mirwan, DR Wicakso, A Ghofur, IF Nata
Buletin Profesi Insinyur, PPI FT ULM, 0",0000,0,"Buletin Profesi Insinyur, PPI FT ULM, 0"
5006,Science Integrated Concept: Penguasaan dan Kompetensi Guru IPA,https://scholar.google.com/scholar?q=+intitle:'Science Integrated Concept: Penguasaan dan Kompetensi Guru IPA',"A Nurramadhani, I Permana, S Aqilah, NN Amalia
Pedagogia: Jurnal Ilmiah Pendidikan 14 (1), 36-39, 2022",2022,0,"Pedagogia: Jurnal Ilmiah Pendidikan 14 (1), 36-39, 2022"
5006,HASIL BELAJAR SISWA MELALUI PENERAPAN PEMBELAJARAN INKUIRI PADA MATERI LARUTAN PENYANGGA YANG DITATA DENGAN MODEL KURIKULER SETS KELAS XI SMA NEGERI 1 RENGEL TUBAN (STUDENT …,https://scholar.google.com/scholar?q=+intitle:'HASIL BELAJAR SISWA MELALUI PENERAPAN PEMBELAJARAN INKUIRI PADA MATERI LARUTAN PENYANGGA YANG DITATA DENGAN MODEL KURIKULER SETS KELAS XI SMA NEGERI 1 RENGEL TUBAN (STUDENT …',"H Rahayu, U Azizah
Unesa Journal of Chemical Education 2 (3), 2013",2013,2,"Unesa Journal of Chemical Education 2 (3), 2013"
5007,Industry 4.0 and Technology Adoption in The Garment Industry,https://scholar.google.com/scholar?q=+intitle:'Industry 4.0 and Technology Adoption in The Garment Industry',"L Ariyani, W Hermawati, T Fizzanty, AA Pitaloka, A Budiansyah",0000,2,
5007,ANALISIS PERAMALAN PRODUKSI DAN PENGENDALIAN PERSEDIAAN BAHAN BAKU PEMBANTU DI INDUSTRI GULA PT. XYZ KABUPATEN LAMPUNG UTARA,https://scholar.google.com/scholar?q=+intitle:'ANALISIS PERAMALAN PRODUKSI DAN PENGENDALIAN PERSEDIAAN BAHAN BAKU PEMBANTU DI INDUSTRI GULA PT. XYZ KABUPATEN LAMPUNG UTARA',"DA PRATAMA
UNIVERSITAS LAMPUNG, 2020",2020,0,"UNIVERSITAS LAMPUNG, 2020"
5007,The Implementation of Environmental Labelling (Ecolabeling) in Indonesia: WTO Perspective,https://scholar.google.com/scholar?q=+intitle:'The Implementation of Environmental Labelling (Ecolabeling) in Indonesia: WTO Perspective',"M Maskun
Jurisdictionary 2, 2006",2006,0,"Jurisdictionary 2, 2006"
5007,"Konsep Hukum Pengelolaan Dan Pemanfaatan Tanah Berdasarkan Hukum Adat Sebagai Bahan Hukum Tanah Nasional (Studi Sejarah Hukum Tanah di Daerah Semende, Kabupaten Muara Enim …","https://scholar.google.com/scholar?q=+intitle:'Konsep Hukum Pengelolaan Dan Pemanfaatan Tanah Berdasarkan Hukum Adat Sebagai Bahan Hukum Tanah Nasional (Studi Sejarah Hukum Tanah di Daerah Semende, Kabupaten Muara Enim …'","M Syaifuddin, D Rahmawati, BM Putra
Simbur Cahaya 31 (2), 308-326, 2025",2025,0,"Simbur Cahaya 31 (2), 308-326, 2025"
5007,Quo Vadis Sukuk Negara,https://scholar.google.com/scholar?q=+intitle:'Quo Vadis Sukuk Negara',"D Handayani
Esai Keuangan Negara, Pemikiran Multi Perspektif, 1-16, 2017",2017,0,"Esai Keuangan Negara, Pemikiran Multi Perspektif, 1-16, 2017"
5007,MERAWAT KEARIFAN LOKAL: STUDI KASUS MASYARAKAT SAMIN BOJONEGORO,https://scholar.google.com/scholar?q=+intitle:'MERAWAT KEARIFAN LOKAL: STUDI KASUS MASYARAKAT SAMIN BOJONEGORO',"H Hazim, R Ardilah, JD Asriningputri, GS Ibrahim
Universitas Pendidikan Ganesha, 2023",2023,0,"Universitas Pendidikan Ganesha, 2023"
5007,"Analysis of the Kinetics Fermentability, Degradability, and Nutritive Value of Soybean Groats and Lemuru Fish Oil Protected by in-Vitro","https://scholar.google.com/scholar?q=+intitle:'Analysis of the Kinetics Fermentability, Degradability, and Nutritive Value of Soybean Groats and Lemuru Fish Oil Protected by in-Vitro'","J Riyanto
Proceeding of the 2nd International Seminar on Animal Industry| Jakarta 5, 6, 2012",2012,0,"Proceeding of the 2nd International Seminar on Animal Industry| Jakarta 5, 6, 2012"
5007,Increased CD11b and hypoxia-inducible factors-1alpha expressions in the lung tissue and surfactant protein-D levels in serum are related with acute lung injury in severe …,https://scholar.google.com/scholar?q=+intitle:'Increased CD11b and hypoxia-inducible factors-1alpha expressions in the lung tissue and surfactant protein-D levels in serum are related with acute lung injury in severe …',"WA Cahayani, E Norahmawati, N Budiarti, LE Fitri
Iranian journal of parasitology 11 (3), 303, 2016",2016,14,"Iranian journal of parasitology 11 (3), 303, 2016"
5007,ANALISIS LITERASI MATEMATIKA MELALUI KEGIATAN PEMBIASAAN MATEMATIKA PADA SISWA KELAS 3 SD MUHAMMADIYAH 9 MALANG,https://scholar.google.com/scholar?q=+intitle:'ANALISIS LITERASI MATEMATIKA MELALUI KEGIATAN PEMBIASAAN MATEMATIKA PADA SISWA KELAS 3 SD MUHAMMADIYAH 9 MALANG',"Q Ainiyah
University of Muhammadiyah Malang",2019,0,University of Muhammadiyah Malang
5007,Diabetes melitus dan permasalahannya pada infeksi tuberkulosis,https://scholar.google.com/scholar?q=+intitle:'Diabetes melitus dan permasalahannya pada infeksi tuberkulosis',"DR Wulandari, YJ Sugiri
J Respir Indo 33 (2), 126-134, 2013",2013,46,"J Respir Indo 33 (2), 126-134, 2013"
5008,PENERAPAN METODE K-MEANS CLUSTERING DALAM MEMPREDIKSI TINGKAT PEMINAT EKSTRAKURIKULER PADA SISWA SMA MUHAMMADIYAH 4 BENGKULU,https://scholar.google.com/scholar?q=+intitle:'PENERAPAN METODE K-MEANS CLUSTERING DALAM MEMPREDIKSI TINGKAT PEMINAT EKSTRAKURIKULER PADA SISWA SMA MUHAMMADIYAH 4 BENGKULU',"EA Yanti, D Suranti, D Sartika
JOURNAL OF SCIENCE AND SOCIAL RESEARCH 7 (3), 1327-1332, 2024",2024,0,"JOURNAL OF SCIENCE AND SOCIAL RESEARCH 7 (3), 1327-1332, 2024"
5008,Evaluasi Pembangunan Infrastruktur Jaringan Irigasi di Kabupaten Bengkulu Tengah,https://scholar.google.com/scholar?q=+intitle:'Evaluasi Pembangunan Infrastruktur Jaringan Irigasi di Kabupaten Bengkulu Tengah',"R Al Hidayat
Ekombis Review: Jurnal Ilmiah Ekonomi Dan Bisnis 10 (1), 334–347-334–347, 2022",2022,12,"Ekombis Review: Jurnal Ilmiah Ekonomi Dan Bisnis 10 (1), 334–347-334–347, 2022"
5008,"Kalompoang sejarah budaya politik Bugis-Makassar: kasus konflik Kerajaan Gowa dengan kerajaan Bone: laporan hasil penelitian rutin Unhas, tahun anggaran 1999/2000","https://scholar.google.com/scholar?q=+intitle:'Kalompoang sejarah budaya politik Bugis-Makassar: kasus konflik Kerajaan Gowa dengan kerajaan Bone: laporan hasil penelitian rutin Unhas, tahun anggaran 1999/2000'","A Latif
Fakultas Sastra, Universitas Hasanuddin",1999,0,"Fakultas Sastra, Universitas Hasanuddin"
5008,SKRIPSI PENGARUH MODEL PEMBELAJARAN THINK PAIR SHARE TERHADAP HASIL BELAJAR KOGNITIF DAN MOTIVASI BELAJAR SISWA PADA MATERI JAMUR KELAS X MIPA MAN 1 MAGELANG,https://scholar.google.com/scholar?q=+intitle:'SKRIPSI PENGARUH MODEL PEMBELAJARAN THINK PAIR SHARE TERHADAP HASIL BELAJAR KOGNITIF DAN MOTIVASI BELAJAR SISWA PADA MATERI JAMUR KELAS X MIPA MAN 1 MAGELANG',"FT PUTRI
UNIVERSITAS TIDAR, 2022",2022,0,"UNIVERSITAS TIDAR, 2022"
5008,Disparities of the Supreme Court Judge's Decisions on the Non-Muslim Inheritance: Indonesian Case,https://scholar.google.com/scholar?q=+intitle:'Disparities of the Supreme Court Judge's Decisions on the Non-Muslim Inheritance: Indonesian Case',"A Halim
J. Legal Ethical & Regul. Isses 24, 1, 2021",2021,6,"J. Legal Ethical & Regul. Isses 24, 1, 2021"
5008,Implementasi Transformasi Wavelet Daubechies pada Kompresi Citra Digital,https://scholar.google.com/scholar?q=+intitle:'Implementasi Transformasi Wavelet Daubechies pada Kompresi Citra Digital',"G Gumilar
CAUCHY: Jurnal Matematika Murni dan Aplikasi 2 (4), 211-215, 2013",2013,12,"CAUCHY: Jurnal Matematika Murni dan Aplikasi 2 (4), 211-215, 2013"
5008,Individu Komunikatif Menurut Jurgen Habermas Dalam Perspektif Filsafat Manusia,https://scholar.google.com/scholar?q=+intitle:'Individu Komunikatif Menurut Jurgen Habermas Dalam Perspektif Filsafat Manusia',"S Kirom
JURNAL YAQZHAN: Analisis Filsafat, Agama dan Kemanusiaan 6 (2), 202-216, 2020",2020,1,"JURNAL YAQZHAN: Analisis Filsafat, Agama dan Kemanusiaan 6 (2), 202-216, 2020"
5008,Pola Asuh Orang Tua dan Implikasinya Terhadap Pembentukan Karakter Anak,https://scholar.google.com/scholar?q=+intitle:'Pola Asuh Orang Tua dan Implikasinya Terhadap Pembentukan Karakter Anak',"F Nuraeni, M Lubis
Jurnal Pendidikan Anak Usia Dini Undiksha 10 (1), 137-143, 2022",2022,91,"Jurnal Pendidikan Anak Usia Dini Undiksha 10 (1), 137-143, 2022"
5008,PENDAFTARAN HAK ATAS TANAH HIBAH BAGI BANGUNAN PERIBADATAN KRISTEN PROTESTAN (STUDI TERHADAP TANAH GEREJA HURIA KRISTEN BAT...,https://scholar.google.com/scholar?q=+intitle:'PENDAFTARAN HAK ATAS TANAH HIBAH BAGI BANGUNAN PERIBADATAN KRISTEN PROTESTAN (STUDI TERHADAP TANAH GEREJA HURIA KRISTEN BAT...',"HR Susmiyati
JURNAL BERAJA NITI 3 (5)",2014,0,JURNAL BERAJA NITI 3 (5)
5008,PERANCANGAN SISTEM INFORMASI PENGAJUAN BEASISWA CSR (CORPORATE SOCIAL RESPONSIBILITY) ONLINE DI UNIVERSITAS BINA INSAN BERBASIS WEB MOBIILE,https://scholar.google.com/scholar?q=+intitle:'PERANCANGAN SISTEM INFORMASI PENGAJUAN BEASISWA CSR (CORPORATE SOCIAL RESPONSIBILITY) ONLINE DI UNIVERSITAS BINA INSAN BERBASIS WEB MOBIILE',"HOL Wijaya, AAT Susilo, L Hakim
Jurnal Digital Teknologi Informasi 4 (2), 67-72, 2021",2021,0,"Jurnal Digital Teknologi Informasi 4 (2), 67-72, 2021"
5009,"Perbedaan Pengetahuan Karies Gigi Dengan Menggunakan Media Video Animasi Pada Siswa Kelas IV, V, VI (Study di SDN Ledok Kulon 3 Bojonegoro)","https://scholar.google.com/scholar?q=+intitle:'Perbedaan Pengetahuan Karies Gigi Dengan Menggunakan Media Video Animasi Pada Siswa Kelas IV, V, VI (Study di SDN Ledok Kulon 3 Bojonegoro)'","N Kusumadani, IC Mahirawatie, SF Ulfah
Indonesian Journal Of Health and Medical 2 (3), 304-311, 2022",2022,12,"Indonesian Journal Of Health and Medical 2 (3), 304-311, 2022"
5009,PENGARUH MODEL PEMBELAJARAN CHILDREN LEARNING IN SCIENCE (CLIS) BERBANTUAN MEDIA POWERPOINT TERHADAP HASIL BELAJAR IPA SISWA KELAS IV SEKOLAH DASAR,https://scholar.google.com/scholar?q=+intitle:'PENGARUH MODEL PEMBELAJARAN CHILDREN LEARNING IN SCIENCE (CLIS) BERBANTUAN MEDIA POWERPOINT TERHADAP HASIL BELAJAR IPA SISWA KELAS IV SEKOLAH DASAR',"NME Mulyaningsih, IK Suparya, IMA Winangun
Widyajaya: Jurnal Mahasiswa Prodi PGSD 2 (2), 196-204, 2022",2022,0,"Widyajaya: Jurnal Mahasiswa Prodi PGSD 2 (2), 196-204, 2022"
5009,Annihilator graph of semiring of matrices over Boolean semiring,https://scholar.google.com/scholar?q=+intitle:'Annihilator graph of semiring of matrices over Boolean semiring',"SBW R Yudatama, V Y Kurniawan
Journal of Physics: Conference Series 1494 (1), 012009, 2020",2020,2,"Journal of Physics: Conference Series 1494 (1), 012009, 2020"
5009,Single port-assisted fully laparoscopic abdominoperineal resection (APR) with immediate V-RAM flap reconstruction of the perineal defect,https://scholar.google.com/scholar?q=+intitle:'Single port-assisted fully laparoscopic abdominoperineal resection (APR) with immediate V-RAM flap reconstruction of the perineal defect',"S Ali, M Moftah, N Ajmal, RA Cahill
Updates in surgery 64, 217-221, 2012",2012,6,"Updates in surgery 64, 217-221, 2012"
5009,HUBUNGAN ANTARA PAPARAN PESTISIDA DENGAN STATUS METILASI PROMOTER GEN p16 PADA PETANI DI KECAMATAN NGABLAK KABUPATEN MAGELANG,https://scholar.google.com/scholar?q=+intitle:'HUBUNGAN ANTARA PAPARAN PESTISIDA DENGAN STATUS METILASI PROMOTER GEN p16 PADA PETANI DI KECAMATAN NGABLAK KABUPATEN MAGELANG',"MG RATNA
Universitas Gadjah Mada, 2018",2018,0,"Universitas Gadjah Mada, 2018"
5009,Pengaruh Model Problem Based Learning Terhadap Hasil Belajar Siswa Kelas V Tema 8 (Lingkungan Sahabat Kita),https://scholar.google.com/scholar?q=+intitle:'Pengaruh Model Problem Based Learning Terhadap Hasil Belajar Siswa Kelas V Tema 8 (Lingkungan Sahabat Kita)',"M Al Hadi, CD Sumadi
Bersatu: Jurnal Pendidikan Bhinneka Tunggal Ika 1 (5), 355-368, 2023",2023,0,"Bersatu: Jurnal Pendidikan Bhinneka Tunggal Ika 1 (5), 355-368, 2023"
5009,PERLAKUAN TEMPERATUR PACK CARBURIZING DAN WAKTU PENAHANAN PADA BAJA POROS ST 42 TERHADAP UMUR LELAH,https://scholar.google.com/scholar?q=+intitle:'PERLAKUAN TEMPERATUR PACK CARBURIZING DAN WAKTU PENAHANAN PADA BAJA POROS ST 42 TERHADAP UMUR LELAH',"K Suarsana, IM Astika, DNKP Negara
Prosiding Konferensi Nasional Engineering Perhotelan IX 98, 102, 2018",2018,1,"Prosiding Konferensi Nasional Engineering Perhotelan IX 98, 102, 2018"
5009,FAKTOR-FAKTOR YANG MEMPENGARUHI CORPORATE SOCIAL RESPONSIBILITY DISCLOSURE PADA PERUSAHAAN MANUFAKTUR YANG TERDAFTAR DI BURSA EFEK INDONESIA TAHUN 2011-2015,https://scholar.google.com/scholar?q=+intitle:'FAKTOR-FAKTOR YANG MEMPENGARUHI CORPORATE SOCIAL RESPONSIBILITY DISCLOSURE PADA PERUSAHAAN MANUFAKTUR YANG TERDAFTAR DI BURSA EFEK INDONESIA TAHUN 2011-2015',"J Hariyanto, E Ethika, H Herawati
Abstract of Undergraduate Research, Faculty of Economics, Bung Hatta …, 0",0000,0,"Abstract of Undergraduate Research, Faculty of Economics, Bung Hatta …, 0"
5009,Menyibak Dominasi Pembelajaran Bahasa dalam Kurikulum,https://scholar.google.com/scholar?q=+intitle:'Menyibak Dominasi Pembelajaran Bahasa dalam Kurikulum',"T Suwondo
Kedaulatan Rakyat, 1996",1996,0,"Kedaulatan Rakyat, 1996"
5009,Jasa penyebaran informasi majalah oleh Pusat Layanan Disiplin Ilmu (PUSYANDI),https://scholar.google.com/scholar?q=+intitle:'Jasa penyebaran informasi majalah oleh Pusat Layanan Disiplin Ilmu (PUSYANDI)',I Irawati,1996,0,
5010,Amalan Guru Dalam Pengajaran Subjek Maharat Al-quran Kurikulum Bersepadu Tahfiz,https://scholar.google.com/scholar?q=+intitle:'Amalan Guru Dalam Pengajaran Subjek Maharat Al-quran Kurikulum Bersepadu Tahfiz',"MAC Noh, SAM Yusuf, KA Razak
Journal of Quran Sunnah Education and Special Needs, 2021",2021,0,"Journal of Quran Sunnah Education and Special Needs, 2021"
5010,Analisis Perubahan Penggunaan Lahan Dan Tren Pertambahan Penduduk Terhadap Debit Maksimum di DAS Plumbon Kota Semarang,https://scholar.google.com/scholar?q=+intitle:'Analisis Perubahan Penggunaan Lahan Dan Tren Pertambahan Penduduk Terhadap Debit Maksimum di DAS Plumbon Kota Semarang',"FH Prayitno, Dewi Liesnoor Setyowati, Hariyanto
Jurnal Geografi, Edukasi dan Lingkungan (JGEL) 8 (2), 91-110, 2024",2024,0,"Jurnal Geografi, Edukasi dan Lingkungan (JGEL) 8 (2), 91-110, 2024"
5010,"Perbandingan antara Molekul Naphtalena dan Benzena ditinjau dari Energi Resonansi, Struktur, dan Degenerasi Energi","https://scholar.google.com/scholar?q=+intitle:'Perbandingan antara Molekul Naphtalena dan Benzena ditinjau dari Energi Resonansi, Struktur, dan Degenerasi Energi'","P Parno
MIPA dan Pembelajarannya 30 (1), 2009",2009,0,"MIPA dan Pembelajarannya 30 (1), 2009"
5010,Pemanfaatan Buku Kesehatan Remaja dan Buku Info Kesehatan Remaja di Kabupaten Bondowoso,https://scholar.google.com/scholar?q=+intitle:'Pemanfaatan Buku Kesehatan Remaja dan Buku Info Kesehatan Remaja di Kabupaten Bondowoso',"TY Kuswandari, A Suryoputro, P Nugraha
Jurnal Promosi Kesehatan Indonesia 9 (1), 104-115",0000,3,"Jurnal Promosi Kesehatan Indonesia 9 (1), 104-115"
5010,56 W cw Nd: YAG solar laser by a heliostat-parabolic mirror system,https://scholar.google.com/scholar?q=+intitle:'56 W cw Nd: YAG solar laser by a heliostat-parabolic mirror system',"J Almeida, D Liang, CR Vistas, E Guillot
The European Conference on Lasers and Electro-Optics, CA_11_6, 2015",2015,0,"The European Conference on Lasers and Electro-Optics, CA_11_6, 2015"
5010,Attrition of rice stink bug (Hemiptera: Pentatomidae) cohorts and impacts of barnyardgrass management and application of selected insecticides on survival of the egg parasite Telenomus podisi Ashmead (Hymenoptera: Scelionidae).,https://scholar.google.com/scholar?q=+intitle:'Attrition of rice stink bug (Hemiptera: Pentatomidae) cohorts and impacts of barnyardgrass management and application of selected insecticides on survival of the egg parasite Telenomus podisi Ashmead (Hymenoptera: Scelionidae).',H Sudarsono,1994,0,
5010,Analisis Kebutuhan Tenaga Logistik di Salah Satu PBF Kota Bandung Tahun 2022,https://scholar.google.com/scholar?q=+intitle:'Analisis Kebutuhan Tenaga Logistik di Salah Satu PBF Kota Bandung Tahun 2022',"S Amanda, YE Hadisaputri
Majalah Farmasetika 8 (2), 2023",2023,0,"Majalah Farmasetika 8 (2), 2023"
5010,Teachers' Self-Efficacy as a Mediator of Their Perception and Behavior Regarding Creative Teaching for Elementary School Students.,https://scholar.google.com/scholar?q=+intitle:'Teachers' Self-Efficacy as a Mediator of Their Perception and Behavior Regarding Creative Teaching for Elementary School Students.',"WR Sutjonong, RMA Salim, S Safitri
Elementary School Forum (Mimbar Sekolah Dasar) 9 (1), 161-173, 2022",2022,3,"Elementary School Forum (Mimbar Sekolah Dasar) 9 (1), 161-173, 2022"
5010,Penggunaan Media Video Reality Show dalam Pembelajaran Menulis Puisi,https://scholar.google.com/scholar?q=+intitle:'Penggunaan Media Video Reality Show dalam Pembelajaran Menulis Puisi',"D Irawan
Riksa Bahasa 5 (Bahasa, Sastra dan Pembelajarannya), 29-36, 2019",2019,0,"Riksa Bahasa 5 (Bahasa, Sastra dan Pembelajarannya), 29-36, 2019"
5010,Synthesis of manganese ferrite/graphene oxide nanocomposites for biomedical applications,https://scholar.google.com/scholar?q=+intitle:'Synthesis of manganese ferrite/graphene oxide nanocomposites for biomedical applications',"E Peng, ESG Choo, P Chandrasekharan, CT Yang, J Ding, KH Chuang, ...
Small 8 (23), 3620-3630",2012,123,"Small 8 (23), 3620-3630"
5011,PENGARUH SELF EFFICACY DAN KECERDASAN EMOSIONAL TERHADAP KINERJA KARYAWAN PADA PERUSAHAAN UMUM DAERAH (PERUMDA) AIR MINUM TIRTA BANGKA KABUPATEN BANGKA,https://scholar.google.com/scholar?q=+intitle:'PENGARUH SELF EFFICACY DAN KECERDASAN EMOSIONAL TERHADAP KINERJA KARYAWAN PADA PERUSAHAAN UMUM DAERAH (PERUMDA) AIR MINUM TIRTA BANGKA KABUPATEN BANGKA',"WE Triana, SE Mulyaningrum
Universitas Pasundan Bandung, 2022",2022,0,"Universitas Pasundan Bandung, 2022"
5011,Understanding Barack Obama’s Characteristics through “Dreams from My Father”,https://scholar.google.com/scholar?q=+intitle:'Understanding Barack Obama’s Characteristics through “Dreams from My Father”',"R Setyowati
Register Journal 7 (2), 263-284, 2014",2014,3,"Register Journal 7 (2), 263-284, 2014"
5011,Differences in the fungal and bacterial composition in normal white as well as pink and purple discolored edible bird’s nests in terms of phenotypic and genotypic characteristics,https://scholar.google.com/scholar?q=+intitle:'Differences in the fungal and bacterial composition in normal white as well as pink and purple discolored edible bird’s nests in terms of phenotypic and genotypic characteristics',"SG Ningrum, A Indrawati, KT Aulia, M Plötz, A Abdulmawjood, A Kreitlow
Letters in Applied Microbiology 76 (2), 1-7, 2023",2023,1,"Letters in Applied Microbiology 76 (2), 1-7, 2023"
5011,BUKU PEMBELAJARAN DISCOVERY,https://scholar.google.com/scholar?q=+intitle:'BUKU PEMBELAJARAN DISCOVERY',"MP Dr. Usman M, S.Pd.,M.Pd Dr. Sam Hermansyah,S.Pd.,M.Pd Dr. Sumarlin Rengko ...
Penerbit: GETPRESS INDONESIA Anggota IKAPI No. 033/SBA/2022  Redaksi:  Jl …, 2024",2024,0,"Penerbit: GETPRESS INDONESIA Anggota IKAPI No. 033/SBA/2022  Redaksi:  Jl …, 2024"
5011,"Analisa Pengaruh Leverage, Profitabilitas Dan Ukuran Perusahaan Terhadap Pengungkapan Modal Intelektual (Studi Pada Sektor Perbankan Yang Listing Di Bursa Efek Indonesia (Bei …","https://scholar.google.com/scholar?q=+intitle:'Analisa Pengaruh Leverage, Profitabilitas Dan Ukuran Perusahaan Terhadap Pengungkapan Modal Intelektual (Studi Pada Sektor Perbankan Yang Listing Di Bursa Efek Indonesia (Bei …'","RA Putra, FT Kristanti, VJ Dillak
eProceedings of Management 5 (1), 2018",2018,0,"eProceedings of Management 5 (1), 2018"
5011,Peningkatan Keaktifan Dan Hasil Belajar Matematika Dengan Strategi Pembelajaran Aktif Tipe Firing Line (PTK Pada siswa kelas V11 DI SMP N 2 Wedi Klaten,https://scholar.google.com/scholar?q=+intitle:'Peningkatan Keaktifan Dan Hasil Belajar Matematika Dengan Strategi Pembelajaran Aktif Tipe Firing Line (PTK Pada siswa kelas V11 DI SMP N 2 Wedi Klaten',"R Trisnawati, HW Slamet
Universitas Muhammadiyah Surakarta, 2013",2013,0,"Universitas Muhammadiyah Surakarta, 2013"
5011,Where do bioactive compounds accumulate in fern? A histochemical analysis of seven therapeutic pteris from Tahura Soeryo,https://scholar.google.com/scholar?q=+intitle:'Where do bioactive compounds accumulate in fern? A histochemical analysis of seven therapeutic pteris from Tahura Soeryo',"S Sulisetijono, ES Sulasmi, MS Sari, K Mawaddah
AIP Conference Proceedings 2231 (1), 2020",2020,1,"AIP Conference Proceedings 2231 (1), 2020"
5011,Budaya Komunikasi Politik Transparan: Pelaporan Dana Kampanye PKS Jawa Barat pada Pemilu 2019,https://scholar.google.com/scholar?q=+intitle:'Budaya Komunikasi Politik Transparan: Pelaporan Dana Kampanye PKS Jawa Barat pada Pemilu 2019',"NN Hayati, NA Damayani, CC Priyatna
COMMUNICATION, 183, 2021",2021,0,"COMMUNICATION, 183, 2021"
5011,Perancangan Aplikasi Point Of Sale Pada Toko Kang Udin Berbasis Web,https://scholar.google.com/scholar?q=+intitle:'Perancangan Aplikasi Point Of Sale Pada Toko Kang Udin Berbasis Web',"B Hanggoro, F Yanti
OKTAL: Jurnal Ilmu Komputer dan Sains 2 (2), 379-87, 2023",2023,12,"OKTAL: Jurnal Ilmu Komputer dan Sains 2 (2), 379-87, 2023"
5011,Issues and Challenges When Metaverse Replaces the Workplace,https://scholar.google.com/scholar?q=+intitle:'Issues and Challenges When Metaverse Replaces the Workplace',"A Adhiatma, N Nurhidayati, O Fachrunnisa
Complex, Intelligent and Software Intensive Systems 2023, 243-249, 2023",2023,2,"Complex, Intelligent and Software Intensive Systems 2023, 243-249, 2023"
5012,Prevention and Detection of Fraud in Village Fund Supervision in Barito Kuala District,https://scholar.google.com/scholar?q=+intitle:'Prevention and Detection of Fraud in Village Fund Supervision in Barito Kuala District',"M Yuliastina, M Hudaya, W Nor
ASSETS: Jurnal Akuntansi Dan Pendidikan 9 (2), 156-170, 2020",2020,3,"ASSETS: Jurnal Akuntansi Dan Pendidikan 9 (2), 156-170, 2020"
5012,DAMPAK DARI KEPEMIMPINAN DAN MOTIVASI TERHADAP KINERJA KARYAWAN DI PT. KERETA API INDONESIA (PERSERO),https://scholar.google.com/scholar?q=+intitle:'DAMPAK DARI KEPEMIMPINAN DAN MOTIVASI TERHADAP KINERJA KARYAWAN DI PT. KERETA API INDONESIA (PERSERO)',"JP Gulo, L Tjun Tjun
Jurnal Ilmiah Manajemen Ubhara 5 (1), 81-92, 2023",2023,0,"Jurnal Ilmiah Manajemen Ubhara 5 (1), 81-92, 2023"
5012,Pembelajaran IPS di SD,https://scholar.google.com/scholar?q=+intitle:'Pembelajaran IPS di SD',"MP Dr. Sinta Maria Dewi, M.Pd, Dr. Husna Farhana
KOMOJOYO PRESS 1 (2024), 158, 2024",2024,0,"KOMOJOYO PRESS 1 (2024), 158, 2024"
5012,The Development Strategy of Fishing Fisheries (Katsuwonus,https://scholar.google.com/scholar?q=+intitle:'The Development Strategy of Fishing Fisheries (Katsuwonus',L Yapanto,2022,0,
5012,Implementation of Criminal Sanctions to Sexual Violence with Under Children (Case Study of Child Abuse in Makassar),https://scholar.google.com/scholar?q=+intitle:'Implementation of Criminal Sanctions to Sexual Violence with Under Children (Case Study of Child Abuse in Makassar)',"DT Subagiyo, H Sulistiyo
International Journal of Social Science And Human Research, 0",0000,0,"International Journal of Social Science And Human Research, 0"
5012,Edukasi Dismenore dan Pelatihan Senam Dismenore Untuk Meredakan Nyeri Haid: Dysmenorrhea Education and Dysmenorrhea Exercise Training to Relieve Menstrual Pain,https://scholar.google.com/scholar?q=+intitle:'Edukasi Dismenore dan Pelatihan Senam Dismenore Untuk Meredakan Nyeri Haid: Dysmenorrhea Education and Dysmenorrhea Exercise Training to Relieve Menstrual Pain',"D Hariyanti
Jurnal Pengabdian Kepada Masyarakat: Kesehatan 3 (4), 80-86, 2023",2023,0,"Jurnal Pengabdian Kepada Masyarakat: Kesehatan 3 (4), 80-86, 2023"
5012,KOMPETENSI KEPALA SEKOLAH DALAM PELAKSANAAN SUPERVISI PENDIDIKAN DI SDN UWEDIKAN KECAMATAN LUWUK TIMUR,https://scholar.google.com/scholar?q=+intitle:'KOMPETENSI KEPALA SEKOLAH DALAM PELAKSANAAN SUPERVISI PENDIDIKAN DI SDN UWEDIKAN KECAMATAN LUWUK TIMUR',"HA Aimang
OSF, 0",0000,0,"OSF, 0"
5012,Reconstructing social identity for sustainable future of Lumpur Lapindo victims,https://scholar.google.com/scholar?q=+intitle:'Reconstructing social identity for sustainable future of Lumpur Lapindo victims',"A Farida
Procedia Environmental Sciences 20, 468-476, 2014",2014,25,"Procedia Environmental Sciences 20, 468-476, 2014"
5012,Struktur Dan Mekanisme Tata Kelolah Lembaga Kerohanian,https://scholar.google.com/scholar?q=+intitle:'Struktur Dan Mekanisme Tata Kelolah Lembaga Kerohanian',"O Pasoloran, F Randa
Pepatudzu: Media Pendidikan dan Sosial Kemasyarakatan 18 (2), 126-135, 2022",2022,0,"Pepatudzu: Media Pendidikan dan Sosial Kemasyarakatan 18 (2), 126-135, 2022"
5012,Outcomes of Peripheral T-cell Lymphoma in the Current Era: 10 Year Experience at The Royal Marsden and Christie Hospitals.,https://scholar.google.com/scholar?q=+intitle:'Outcomes of Peripheral T-cell Lymphoma in the Current Era: 10 Year Experience at The Royal Marsden and Christie Hospitals.',"M Gleeson, K Linton, C Peckitt, A Gibb, EA Hawkes, M Back, B Yasar, ...
57th American Society of Hematology Annual Meeting and Exposition, 2015",2015,0,"57th American Society of Hematology Annual Meeting and Exposition, 2015"
5013,Analisis Perilaku Malware Malware Menggunakan Metode Analisis Dinamis,https://scholar.google.com/scholar?q=+intitle:'Analisis Perilaku Malware Malware Menggunakan Metode Analisis Dinamis',"K Ibrahim, F Dewanta, NDW Cahyani
eProceedings of Engineering 10 (5), 2023",2023,1,"eProceedings of Engineering 10 (5), 2023"
5013,Pengentasan buta aksara berbasis pendekatan â€ œsemua anak cerdasâ€ untuk guru SD,https://scholar.google.com/scholar?q=+intitle:'Pengentasan buta aksara berbasis pendekatan â€ œsemua anak cerdasâ€ untuk guru SD',"ANK Rosyidah, LH Affandi, M Erfan, I Oktaviyanti, MA Maulyda, I Hamdani
Jurnal Inovasi Hasil Pengabdian Masyarakat (JIPEMAS) 4 (3), 362-377, 2021",2021,8,"Jurnal Inovasi Hasil Pengabdian Masyarakat (JIPEMAS) 4 (3), 362-377, 2021"
5013,Knowledge and Attitude Factors of Pregnant Mothers in the Selection of Delivery Assistants in the North Sibolga 2021,https://scholar.google.com/scholar?q=+intitle:'Knowledge and Attitude Factors of Pregnant Mothers in the Selection of Delivery Assistants in the North Sibolga 2021',"RA Siregar, NS Batubara, NA Rangkuti
Tapanuli International Health Conference 2022 (TIHC 2022), 234-246, 2022",2022,0,"Tapanuli International Health Conference 2022 (TIHC 2022), 234-246, 2022"
5013,A ANALISIS KETERTARIKAN KONSUMEN MELALUI PROMOSI MEDIA SOSIAL INSTAGRAM PADA PRODUK IGOOD COFFEE,https://scholar.google.com/scholar?q=+intitle:'A ANALISIS KETERTARIKAN KONSUMEN MELALUI PROMOSI MEDIA SOSIAL INSTAGRAM PADA PRODUK IGOOD COFFEE',"KR Rustam, RS Rahmawati, CDE Handayani
Kajian Ekonomi dan Bisnis 19 (1), 42-54, 2024",2024,0,"Kajian Ekonomi dan Bisnis 19 (1), 42-54, 2024"
5013,"The Role of Competence, Culture, and Socio-spiritual Factors in the Implementation of the Village Financial System","https://scholar.google.com/scholar?q=+intitle:'The Role of Competence, Culture, and Socio-spiritual Factors in the Implementation of the Village Financial System'","D Ekaningtias
The Indonesian Accounting Review 12 (1), 41-49, 2022",2022,2,"The Indonesian Accounting Review 12 (1), 41-49, 2022"
5013,"Integrasi Pasar Beras dan Gula di Thailand, Filipina dan Indonesia","https://scholar.google.com/scholar?q=+intitle:'Integrasi Pasar Beras dan Gula di Thailand, Filipina dan Indonesia'","D Aryani
IPB (Bogor Agricultural University), 2009",2009,1,"IPB (Bogor Agricultural University), 2009"
5013,"Pengaruh Audit Tenure, Profitabilitas, Solvabilitas, dan Ukuran Perusahaan Terhadap Audit Delay (Studi Pada Perusahaan Pertambangan yang Terdaftar di Bursa Efek Indonesia …","https://scholar.google.com/scholar?q=+intitle:'Pengaruh Audit Tenure, Profitabilitas, Solvabilitas, dan Ukuran Perusahaan Terhadap Audit Delay (Studi Pada Perusahaan Pertambangan yang Terdaftar di Bursa Efek Indonesia …'","SA Salsabila
Universitas Telkom, S1 Akuntansi, 2020",2020,14,"Universitas Telkom, S1 Akuntansi, 2020"
5013,Etnografi Virtual Interaksi Dalam Postingan Meminta Pendapat Pada Pengikut Akun Twitter@ Askrlfess,https://scholar.google.com/scholar?q=+intitle:'Etnografi Virtual Interaksi Dalam Postingan Meminta Pendapat Pada Pengikut Akun Twitter@ Askrlfess',"S Riyanti, MI Romadhan, H Kusumaningrum
PROSIDING SEMINAR NASIONAL MAHASISWA KOMUNIKASI (SEMAKOM) 2 (1, Januari), 51-60, 2024",2024,0,"PROSIDING SEMINAR NASIONAL MAHASISWA KOMUNIKASI (SEMAKOM) 2 (1, Januari), 51-60, 2024"
5013,Keluarga Besar Penyair Bangkalan,https://scholar.google.com/scholar?q=+intitle:'Keluarga Besar Penyair Bangkalan',"S SAKRIM, ML MASYARAKAT LUMPUR
STKIP PGRI BANGKALAN, 0",0000,0,"STKIP PGRI BANGKALAN, 0"
5013,Sistem Pendukung Keputusan Dengan Menggunakan Metode ELECTRE II Dalam Menentukan Faktor Yang Mempengaruhi Pemilihan Sabun Mandi,https://scholar.google.com/scholar?q=+intitle:'Sistem Pendukung Keputusan Dengan Menggunakan Metode ELECTRE II Dalam Menentukan Faktor Yang Mempengaruhi Pemilihan Sabun Mandi',"N Fazariani, RF Sari, R Aprilia
Euler: Jurnal Ilmiah Matematika, Sains dan Teknologi 12 (2), 131-138, 2024",2024,0,"Euler: Jurnal Ilmiah Matematika, Sains dan Teknologi 12 (2), 131-138, 2024"
5014,Pembuatan Biodiesel Dari Minyak Biji Nyamplung Dengan Sintesis Katalis Basa Na2SiO3/Fe3O4,https://scholar.google.com/scholar?q=+intitle:'Pembuatan Biodiesel Dari Minyak Biji Nyamplung Dengan Sintesis Katalis Basa Na2SiO3/Fe3O4',"H Bahar, E Saputra, Z Zultiniar
Jurnal Online Mahasiswa Fakultas Teknik Universitas Riau 4 (2), 1-5, 0",0000,0,"Jurnal Online Mahasiswa Fakultas Teknik Universitas Riau 4 (2), 1-5, 0"
5014,Forest Habitats in the Nature Reserve ROSCI 0032 Rudariei Gorges,https://scholar.google.com/scholar?q=+intitle:'Forest Habitats in the Nature Reserve ROSCI 0032 Rudariei Gorges',"IM Imbrea, C Corpade, AM Corpade, AL Nicolin
Bulletin of University of Agricultural Sciences and Veterinary Medicine Cluj …, 2016",2016,1,"Bulletin of University of Agricultural Sciences and Veterinary Medicine Cluj …, 2016"
5014,TIJAUAN TERHADAP PENDIDIKAN DAN PENGEMBANGAN MASYARAKAT DALAM IMPLIKASI LITERASI DIGITAL TERHADAP PENCAPAIAN SDGS 2030,https://scholar.google.com/scholar?q=+intitle:'TIJAUAN TERHADAP PENDIDIKAN DAN PENGEMBANGAN MASYARAKAT DALAM IMPLIKASI LITERASI DIGITAL TERHADAP PENCAPAIAN SDGS 2030',"RK Mugni, K Hisyam, IF Rachman
MERDEKA: Jurnal Ilmiah Multidisiplin 1 (5), 274-278, 2024",2024,2,"MERDEKA: Jurnal Ilmiah Multidisiplin 1 (5), 274-278, 2024"
5014,STRESS PENGASUHAN PADA IBU RUMAH TANGGA BERPENDIDIKAN RENDAH YANG MENDAMPINGI PEMBELAJARAN DARING SISWA SEKOLAH DASAR,https://scholar.google.com/scholar?q=+intitle:'STRESS PENGASUHAN PADA IBU RUMAH TANGGA BERPENDIDIKAN RENDAH YANG MENDAMPINGI PEMBELAJARAN DARING SISWA SEKOLAH DASAR',"F Ihza Jazyla, J Prasetyaningrum
Universitas Muhammadiyah Surakarta, 2023",2023,0,"Universitas Muhammadiyah Surakarta, 2023"
5014,PENERAPAN MEDIA PEMBELAJARAN BERBASIS ICT UNTUK MENINGKATKAN HASIL BELAJAR PESERTA DIDIK SD NEGERI 2 JULI PADA MATERI GAYA,https://scholar.google.com/scholar?q=+intitle:'PENERAPAN MEDIA PEMBELAJARAN BERBASIS ICT UNTUK MENINGKATKAN HASIL BELAJAR PESERTA DIDIK SD NEGERI 2 JULI PADA MATERI GAYA',"khairunnisak, C Niesa
JUPENDAS (Jurnal Pendidikan Dasar), 12-16, 2023",2023,1,"JUPENDAS (Jurnal Pendidikan Dasar), 12-16, 2023"
5014,Effect of Physiological Maturity and Germinating Media on Zanzibar Clove Seeds Viability,https://scholar.google.com/scholar?q=+intitle:'Effect of Physiological Maturity and Germinating Media on Zanzibar Clove Seeds Viability',"RVHR Pelealu, E Widajati, FC Suwarno
Buletin Penelitian Tanaman Rempah dan Obat 30 (2), 81-89, 2019",2019,0,"Buletin Penelitian Tanaman Rempah dan Obat 30 (2), 81-89, 2019"
5014,"Pengaruh hari perdagangan terhadap return saham: pengujian Monday effect, Friday effect, dan week four effect di BEI (studi kasus pada perusahaan LQ-45 yang listing di BEI …","https://scholar.google.com/scholar?q=+intitle:'Pengaruh hari perdagangan terhadap return saham: pengujian Monday effect, Friday effect, dan week four effect di BEI (studi kasus pada perusahaan LQ-45 yang listing di BEI …'","M Putra
Universitas Negeri Malang, 2013",2013,0,"Universitas Negeri Malang, 2013"
5014,MODUL Relationship Database Management System (RDBMS),https://scholar.google.com/scholar?q=+intitle:'MODUL Relationship Database Management System (RDBMS)',"A Setiawan, S Kom, M MM",0000,0,
5014,Dietary methionine requirement of laying hens,https://scholar.google.com/scholar?q=+intitle:'Dietary methionine requirement of laying hens',"I Ahmad, MA Sial, SĚ Rasool
Pak. J. Agri. SCi 27 (1), 12",1990,0,"Pak. J. Agri. SCi 27 (1), 12"
5014,PSAK 109: The Efforts to realize Zakat Governance in Baznas Province of South Sulawesi,https://scholar.google.com/scholar?q=+intitle:'PSAK 109: The Efforts to realize Zakat Governance in Baznas Province of South Sulawesi',"J Majid, A Asse, F Fatimah, F Fajrin
LAA MAISYIR: Jurnal Ekonomi Islam, 233-247, 2020",2020,0,"LAA MAISYIR: Jurnal Ekonomi Islam, 233-247, 2020"
5015,Peningkatan Pengetahuan Remaja Tentang Dismenore dengan Pendekatan Peer Group Education,https://scholar.google.com/scholar?q=+intitle:'Peningkatan Pengetahuan Remaja Tentang Dismenore dengan Pendekatan Peer Group Education',"R Ratnaeni, K Amelia, A Hasliani, R Rahmawati
SWARNA: Jurnal Pengabdian Kepada Masyarakat 3 (7), 536-540, 2024",2024,0,"SWARNA: Jurnal Pengabdian Kepada Masyarakat 3 (7), 536-540, 2024"
5015,Improve Underhand Service Achievement In Volleyball Games With Rubber Ball Media,https://scholar.google.com/scholar?q=+intitle:'Improve Underhand Service Achievement In Volleyball Games With Rubber Ball Media',"A Ramadanisti, AF Nasution
Journal Physical Health Recreation (JPHR) 3 (2), 105-110, 2023",2023,1,"Journal Physical Health Recreation (JPHR) 3 (2), 105-110, 2023"
5015,Penerapan Terapi Relaksasi Benson pada Pasien Koriokarsinoma: Studi Kasus,https://scholar.google.com/scholar?q=+intitle:'Penerapan Terapi Relaksasi Benson pada Pasien Koriokarsinoma: Studi Kasus',"Y Herien, AR Mansur, RA Viona
Eureka Media Aksara, 2024",2024,0,"Eureka Media Aksara, 2024"
5015,Perancangan Sign System Green House Lezatta,https://scholar.google.com/scholar?q=+intitle:'Perancangan Sign System Green House Lezatta',"M Sayuti, A Munisa
Judikatif: Jurnal Desain Komunikasi Kreatif 5 (2), 91-96, 2023",2023,5,"Judikatif: Jurnal Desain Komunikasi Kreatif 5 (2), 91-96, 2023"
5015,Training of Trainers for Women Anti-Drug Dealers in Bagan Deli Village,https://scholar.google.com/scholar?q=+intitle:'Training of Trainers for Women Anti-Drug Dealers in Bagan Deli Village',"Sunarmi, Suhaidi
ABDIMAS TALENTA: Jurnal Pengabdian Kepada Masyarakat 6 (2), 449-454, 2021",2021,0,"ABDIMAS TALENTA: Jurnal Pengabdian Kepada Masyarakat 6 (2), 449-454, 2021"
5015,Parental emotional coaching untuk meningkatkan gaya pengasuhan dan penerimaan orang tua terhadap anak tunarungu,https://scholar.google.com/scholar?q=+intitle:'Parental emotional coaching untuk meningkatkan gaya pengasuhan dan penerimaan orang tua terhadap anak tunarungu',"SK Kusnadi, A Agustin
Jurnal Psikologi Teori dan Terapan 9 (2), 148-159, 2019",2019,9,"Jurnal Psikologi Teori dan Terapan 9 (2), 148-159, 2019"
5015,Pelanggaran Prinsip Kesantunan Berbahasa dalam Kolom Komentar Akun Instagram Najwa Shihab pada “Tragedi Kanjuruan”,https://scholar.google.com/scholar?q=+intitle:'Pelanggaran Prinsip Kesantunan Berbahasa dalam Kolom Komentar Akun Instagram Najwa Shihab pada “Tragedi Kanjuruan”',"SN Azizah
Jurnal Latihan Bahasa dan Sastra Indonesia serta Pengajarannya 1 (1), 1-9, 2022",2022,1,"Jurnal Latihan Bahasa dan Sastra Indonesia serta Pengajarannya 1 (1), 1-9, 2022"
5015,"KAJIAN SIFAT FISIKO KIMIA DAN INDEKS GLIKEMIK OYEK DAN TIWUL DARI UMBI GARUT (Marantha arundinaceae L.), SUWEG (Amorphallus campanullatus BI)...","https://scholar.google.com/scholar?q=+intitle:'KAJIAN SIFAT FISIKO KIMIA DAN INDEKS GLIKEMIK OYEK DAN TIWUL DARI UMBI GARUT (Marantha arundinaceae L.), SUWEG (Amorphallus campanullatus BI)...'","V Hasan, S Astuti
Fakultas Pertanian",2012,0,Fakultas Pertanian
5015,Peranan Gulma Chromoleana odorata dan Sabut Kelapa sebagai Bahan Baku Pupuk Organik Cair Menggantikan Pupuk Kalium untuk Pertumbuhan dan Hasil Padi Ladang,https://scholar.google.com/scholar?q=+intitle:'Peranan Gulma Chromoleana odorata dan Sabut Kelapa sebagai Bahan Baku Pupuk Organik Cair Menggantikan Pupuk Kalium untuk Pertumbuhan dan Hasil Padi Ladang',"YN Jamilah, Y Marni
Padang: Prosiding Semnas Politani Payakumbuh Sumatera Barat 1 (1), 99-106, 2013",2013,8,"Padang: Prosiding Semnas Politani Payakumbuh Sumatera Barat 1 (1), 99-106, 2013"
5015,Study of Habitat Characteristic and Ethnobotanical Aspects of Komak Beans (Fabaceae) in North Lombok Regency,https://scholar.google.com/scholar?q=+intitle:'Study of Habitat Characteristic and Ethnobotanical Aspects of Komak Beans (Fabaceae) in North Lombok Regency',"Y Maulidan, S Sukiman, K Sukenti, NI Julisaniah, R Kurnianingsih
Jurnal Biologi Tropis 22 (4), 1347-1360, 2022",2022,1,"Jurnal Biologi Tropis 22 (4), 1347-1360, 2022"
